INSERT INTO department VALUES ('소프트웨어학과');
INSERT INTO department VALUES ('컴퓨터공학과');
INSERT INTO department VALUES ('정보통신학과');
INSERT INTO department VALUES ('암호학과');
INSERT INTO department VALUES ('사진학과');
INSERT INTO department VALUES ('심리학과');
INSERT INTO professor VALUES (1, people_info('홍석희', '부산광역시 남구 대연동', phonenum(01042449491, 0515862879, 0512388988)), '부산광역시 남구 수영로 309 경성대학교', '소프트웨어학과');
INSERT INTO professor VALUES (2, people_info('강인수', '부산광역시 해운대구 우동', phonenum(01032282113, 0513100203, 0519198151)), '부산광역시 남구 수영로 309 경성대학교', '소프트웨어학과');
INSERT INTO professor VALUES (3, people_info('지상문', '부산광역시 남구 문현동', phonenum(01069488281, 0515162452, 0510718708)), '부산광역시 남구 수영로 309 경성대학교', '소프트웨어학과');
INSERT INTO professor VALUES (4, people_info('변석우', '부산광역시 부산진구 부암동', phonenum(01014139515, 0514374605, 0515798901)), '부산광역시 남구 수영로 309 경성대학교', '소프트웨어학과');
INSERT INTO professor VALUES (5, people_info('양태천', '부산광역시 수영구 남천동', phonenum(01079568901, 0512384973, 0514432387)), '부산광역시 남구 수영로 309 경성대학교', '소프트웨어학과');
INSERT INTO professor VALUES (6, people_info('정부용', '부산광역시 해운대구 우동', phonenum(01048489780, 0519254991, 0519965620)), '부산광역시 남구 수영로 309 경성대학교', '사진학과');
INSERT INTO head_professor VALUES (1, '소프트웨어학과');
INSERT INTO students VALUES (2018975058, people_info('전지환', '부산광역시 남구 대연동', phonenum(01085638267, 0553559529, null)), '학부', '소프트웨어학과', '심리학과');
INSERT INTO students VALUES (2018681860, people_info('정부용', '부산광역시 해운대구 우동', phonenum(01083401315, 0512116636, null)), '학부', '소프트웨어학과', '사진학과');
INSERT INTO students VALUES (2023399235, people_info('이현석', '부산광역시 해운대구 좌동', phonenum(01027791368, 0518987348, null)), '학부', '소프트웨어학과', '암호학과');
INSERT INTO students VALUES (2020225595, people_info('박현수', '부산광역시 남구 대연동', phonenum(01010632575, 0514295923, null)), '학부', '소프트웨어학과', null);
INSERT INTO students VALUES (2023115750, people_info('임대원', '부산광역시 남구 대연동', phonenum(01094854953, 0512011586, null)), '학부', '소프트웨어학과', null);
INSERT INTO students VALUES (2019158406, people_info('배수훈', '부산광역시 남구 대연동', phonenum(01015237007, 0511201898, null)), '학부', '소프트웨어학과', null);
INSERT INTO students VALUES (2018283509, people_info('박세현', '부산광역시 수영구 남천동', phonenum(01091981253, 0510523971, null)), '학부', '소프트웨어학과', null);
INSERT INTO students VALUES (2021090759, people_info('이석민', '부산광역시 남구 대연동', phonenum(01059722396, 0517031457, null)), '학부', '소프트웨어학과', null);
INSERT INTO students VALUES (2022100565, people_info('양민철', '부산광역시 남구 대연동', phonenum(01093604207, 0513923541, null)), '학부', '소프트웨어학과', null);
INSERT INTO students VALUES (2020965104, people_info('오정민', '부산광역시 부산진구 전포동', phonenum(01053122125, 0515031550, null)), '학부', '소프트웨어학과', null);
INSERT INTO assistant VALUES (1, people_info('최한준', '부산광역시 남구 대연동', phonenum(01096115887, 0514947740, 0513967998)), '소프트웨어학과');
INSERT INTO assistant VALUES (2, people_info('김보라', '부산광역시 부산진구 전포동', phonenum(01072265756, 0516208778, 0513924736)), '정보통신학과');
INSERT INTO assistant VALUES (3, people_info('김민서', '부산광역시 사상구 엄궁동', phonenum(01099640375, 0517398507, 0513286546)), '소프트웨어학과');
INSERT INTO assistant VALUES (4, people_info('전수지', '부산광역시 남구 대연동', phonenum(01039766875, 0515443174, 0518863466)), '사진학과');
INSERT INTO assistant VALUES (5, people_info('정현식', '부산광역시 남구 대연동', phonenum(01092295401, 0510468818, 0510632475)), '심리학과');
INSERT INTO lecture_room VALUES (1, '공학관', 101, 1, 70);
INSERT INTO lecture_room VALUES (2, '공학관', 318, 3, 40);
INSERT INTO lecture_room VALUES (3, '공학관', 626, 6, 60);
INSERT INTO lecture_room VALUES (4, '공학관', 628, 6, 30);
INSERT INTO class VALUES ('데이터베이스', 1, 3);
INSERT INTO class VALUES ('프로그래밍기초', 3, 4);
INSERT INTO class VALUES ('정보보안', 1, 3);
INSERT INTO class VALUES ('인공지능', 3, 3);
INSERT INTO parted_class VALUES (1, '데이터베이스', 1, 1);
INSERT INTO parted_class VALUES (2, '데이터베이스', 1, 1);
INSERT INTO parted_class VALUES (3, '프로그래밍기초', 5, 3);
INSERT INTO parted_class VALUES (4, '프로그래밍기초', 4, 4);
INSERT INTO parted_class VALUES (5, '정보보안', 2, 2);
INSERT INTO parted_class VALUES (6, '인공지능', 3, 3);
INSERT INTO parted_class VALUES (7, '인공지능', 3, 3);
INSERT INTO class_time VALUES (1, class_date('화', 6, 9), 1);
INSERT INTO class_time VALUES (2, class_date('화', 10, 12), 2);
INSERT INTO class_time VALUES (3, class_date('목', 6, 9), 3);
INSERT INTO class_time VALUES (4, class_date('금', 2, 5), 4);
INSERT INTO class_time VALUES (5, class_date('월', 6, 9), 5);
INSERT INTO class_time VALUES (6, class_date('수', 6, 9), 6);
INSERT INTO class_time VALUES (7, class_date('금', 6, 9), 7);
INSERT INTO class_time_of_room VALUES (1, 1, 1);
INSERT INTO class_time_of_room VALUES (1, 2, 2);
INSERT INTO class_time_of_room VALUES (3, 3, 3);
INSERT INTO class_time_of_room VALUES (3, 4, 4);
INSERT INTO sugang_of VALUES (2018975058, 1);
INSERT INTO sugang_of VALUES (2018681860, 1);
INSERT INTO sugang_of VALUES (2023399235, 1);
INSERT INTO sugang_of VALUES (2018681860, 2);
INSERT INTO sugang_of VALUES (2023399235, 2);
INSERT INTO sugang_of VALUES (2020225595, 2);
INSERT INTO sugang_of VALUES (2023399235, 3);
INSERT INTO sugang_of VALUES (2020225595, 3);
INSERT INTO sugang_of VALUES (2023115750, 3);
INSERT INTO sugang_of VALUES (2020225595, 4);
INSERT INTO sugang_of VALUES (2023115750, 4);
INSERT INTO sugang_of VALUES (2020965104, 4);