<?xml version = '1.0' encoding = 'UTF-8'?>
<Entity class="oracle.dbtools.crest.model.design.logical.Entity" directorySegmentName="seg_0" id="6E324145-37E9-643E-43A8-897ACAC5B9CC" name="company">
<createdBy>ccihxn</createdBy>
<createdTime>2023-10-24 06:40:31 UTC</createdTime>
<ownerDesignName>project</ownerDesignName>
<engineerTo>
<item key="4A9A8BF6-D05E-D414-8FA8-CD01259E7D89" value="true"/>
</engineerTo>
<adequatelyNormalized>NO</adequatelyNormalized>
<expectedVolumes>0</expectedVolumes>
<fwdEngineeringStrategyName>Single Table</fwdEngineeringStrategyName>
<growthPercent>0</growthPercent>
<growthType>Year</growthType>
<maxVolumes>9999999</maxVolumes>
<minVolumes>0</minVolumes>
<normalForm>Third</normalForm>
<attributes itemClass="oracle.dbtools.crest.model.design.logical.Attribute">
<Attribute name="name" id="EE90B080-5C53-5747-7090-C11BFFF314AF">
<createdBy>ccihxn</createdBy>
<createdTime>2023-10-24 06:40:38 UTC</createdTime>
<ownerDesignName>project</ownerDesignName>
<engineerTo>
<item key="4A9A8BF6-D05E-D414-8FA8-CD01259E7D89" value="true"/>
</engineerTo>
<use>0</use>
<logicalDatatype>LOGDT024</logicalDatatype>
<domain>8F43C562-1175-979B-1D7C-273ACCE2AE69</domain>
<ownDataTypeParameters>,,</ownDataTypeParameters>
</Attribute>
<Attribute name="address" id="5962B654-5816-07FD-68B1-5D52CD580D3B">
<createdBy>ccihxn</createdBy>
<createdTime>2023-10-24 06:40:43 UTC</createdTime>
<ownerDesignName>project</ownerDesignName>
<engineerTo>
<item key="4A9A8BF6-D05E-D414-8FA8-CD01259E7D89" value="true"/>
</engineerTo>
<nullsAllowed>true</nullsAllowed>
<use>0</use>
<logicalDatatype>LOGDT024</logicalDatatype>
<domain>0FC996DC-799B-664D-B31A-EB01C085D5DA</domain>
<ownDataTypeParameters>,,</ownDataTypeParameters>
</Attribute>
<Attribute name="url" id="17BF9987-0E1E-9E05-AED3-78555C2AF836">
<createdBy>ccihxn</createdBy>
<createdTime>2023-10-24 06:40:54 UTC</createdTime>
<ownerDesignName>project</ownerDesignName>
<engineerTo>
<item key="4A9A8BF6-D05E-D414-8FA8-CD01259E7D89" value="true"/>
</engineerTo>
<use>0</use>
<logicalDatatype>LOGDT024</logicalDatatype>
<domain>0FC996DC-799B-664D-B31A-EB01C085D5DA</domain>
<ownDataTypeParameters>,,</ownDataTypeParameters>
</Attribute>
<Attribute name="phoneno" id="2E986182-ED07-E3F3-DB4E-3AA994BBC923">
<createdBy>ccihxn</createdBy>
<createdTime>2023-10-24 06:40:57 UTC</createdTime>
<ownerDesignName>project</ownerDesignName>
<engineerTo>
<item key="4A9A8BF6-D05E-D414-8FA8-CD01259E7D89" value="true"/>
</engineerTo>
<nullsAllowed>true</nullsAllowed>
<use>0</use>
<logicalDatatype>LOGDT019</logicalDatatype>
<domain>4D4B7017-9006-EDBF-0CDC-A8152C262040</domain>
<ownDataTypeParameters>,,</ownDataTypeParameters>
</Attribute>
</attributes>
<identifiers itemClass="oracle.dbtools.crest.model.design.logical.CandidateKey">
<identifier id="92BB642C-6557-282C-BCF1-1A9733C3B479" name="company PK">
<createdBy>ccihxn</createdBy>
<createdTime>2023-10-24 06:41:09 UTC</createdTime>
<ownerDesignName>project</ownerDesignName>
<engineerTo>
<item key="4A9A8BF6-D05E-D414-8FA8-CD01259E7D89" value="true"/>
</engineerTo>
<pk>true</pk>
<usedAttributes>
<attributeRef>17BF9987-0E1E-9E05-AED3-78555C2AF836</attributeRef>
<attributeRef>EE90B080-5C53-5747-7090-C11BFFF314AF</attributeRef>
</usedAttributes>
</identifier>
</identifiers>
</Entity>
